761_0_1596,0,0,0,0
923_0_1241,0,1,0,0
772_0_1333,0,1,0,1
1093_0_2336,1,1,1,0
412,0,1,0,0
880_0_1364,1,1,0,0
360,1,1,0,0
1004_0_4086,1,0,0,0
34_0_7363,0,0,0,0
1061_0_5466,1,1,0,0
236_0_9158,0,0,0,0
883_0_5454,1,1,0,1
1000_0_1801,1,1,0,0
1114_0_5326,0,0,0,0
288_0_5981,1,1,0,0
216_0_9025,0,1,0,0
969_0_9766,1,1,0,0
1132_0_2477,1,1,0,0
332_0_4200,0,1,0,0
1084_0_289,1,0,0,0
730_0_6509,0,0,0,0
720_0_3033,1,1,0,0
352_0_9342,0,0,0,0
220_0_1207,0,1,0,1
77,0,1,0,0
823,0,1,0,0
998_0_5151,0,0,0,0
524_0_4841,1,1,0,1
915_0_3599,1,1,0,0
7_0_6868,1,1,0,0
554_0_4656,1,0,0,0
675_0_8954,1,0,0,0
201_0_3111,1,0,0,1
544_0_7047,0,1,0,0
573_0_397,0,1,0,0
758,1,1,0,1
939_0_9213,1,1,0,0
39_0_4443,1,1,0,0
1062_0_9468,1,1,0,0
353_0_7854,1,0,0,0
446_0_4885,0,1,0,0
770,0,1,0,0
934_0_2580,0,0,0,0
670_0_6559,0,0,0,1
352_0_2411,0,0,0,0
527_0_4536,1,1,0,0
386_0_2389,0,1,0,0
832_0_929,1,1,0,0
1121_0_1136,1,1,0,0
679_0_6137,0,1,0,0
228,0,0,0,0
839_0_2553,0,0,0,0
200,1,1,0,1
214,1,1,0,1
812_0_9215,0,1,0,0
309_0_7612,1,1,0,0
425_0_4553,0,0,0,0
191_0_8339,0,1,0,0
301_0_6734,0,0,0,0
671_0_8478,0,1,0,0
1000_0_1975,1,1,0,0
732_0_1760,1,1,0,0
395_0_2706,1,1,0,0
657_0_6443,1,1,0,0
360_0_1900,1,1,0,0
1134_0_5474,1,1,0,0
1008_0_9645,0,0,0,0
132_0_4018,1,1,0,0
771_0_6725,1,1,0,0
445_0_6086,0,1,0,0
215,0,1,0,1
396_0_6023,1,1,0,1
573,0,1,0,0
201,1,0,0,1
407_0_250,0,0,0,0
737_0_2655,1,0,0,1
799_0_1731,1,0,0,0
724_0_2782,1,1,0,0
1159_0_4247,1,1,0,0
525_0_6587,1,0,1,0
814_0_3493,1,0,0,0
266_0_4875,1,1,0,0
1062_0_321,1,1,0,0
447_0_5843,0,0,0,0
513_0_3915,0,1,0,0
298_0_1222,1,0,0,0
1112_0_7063,0,0,0,0
521_0_2005,0,1,0,1
279_0_5147,1,0,0,0
886_0_6830,0,0,0,0
942,1,1,0,0
285_0_4109,0,1,0,0
901_0_1613,1,1,0,0
666_0_1722,1,1,0,0
771,1,1,0,0
1132_0_9682,1,1,0,0
995,1,1,0,0
236_0_539,0,0,0,0
759,0,0,0,0
981,0,1,0,0
739_0_7046,1,1,0,0
32_0_8489,1,1,0,0
999_0_6019,1,0,0,0
417_0_9701,0,0,0,0
305_0_4598,1,1,0,0
732_0_5117,1,1,0,0
437_0_470,1,1,0,0
1067_0_1568,1,1,0,0
36_0_7738,1,1,0,0
116_0_716,0,1,0,0
188,0,1,0,0
1142_0_2693,1,1,0,0
605,1,1,0,0
791_0_7583,1,1,0,0
334_0_9114,0,1,0,0
611,1,1,0,0
89,0,0,0,0
780_0_4936,1,1,0,0
923_0_236,0,1,0,0
6_0_4357,0,0,0,0
311_0_4414,1,1,0,1
1150,1,1,0,0
34_0_9398,0,0,0,0
997_0_9290,0,0,0,0
1006_0_9489,0,0,0,0
213_0_839,0,0,0,0
1071_0_147,1,1,1,0
407,0,0,0,0
881_0_5219,1,1,0,0
413,0,0,0,0
744_0_3603,0,0,0,0
756_0_872,0,0,0,0
728_0_6819,0,0,0,0
101_0_118,1,1,0,0
859_0_6597,1,0,0,0
454_0_4915,0,0,0,0
410_0_1489,0,1,0,0
1166_0_3869,0,1,0,0
518_0_3328,1,1,1,1
289_0_5483,0,0,0,0
396_0_9266,1,1,0,1
405,0,1,0,0
411,0,1,0,0
723_0_8802,0,1,0,0
448_0_7414,1,1,0,1
725_0_4160,0,1,0,0
499_0_7000,1,1,0,0
723_0_2308,0,1,0,0
965_0_6175,0,1,0,0
989_0_5346,0,1,0,0
1152,1,0,0,0
757_0_6889,0,1,0,1
887_0_9774,1,0,0,0
39_0_4246,1,1,0,0
516_0_7976,0,0,0,1
1163_0_5428,1,1,0,0
513_0_2200,0,1,0,0
866_0_8596,1,1,0,0
845_0_4750,1,0,0,0
1147_0_6035,1,1,0,0
834,1,0,0,1
737_0_4187,1,0,0,1
808,0,0,0,0
551_0_6494,1,0,0,0
309_0_4907,1,1,0,0
898_0_336,1,1,0,0
417_0_7841,0,0,0,0
997,0,0,0,0
983,1,1,0,0
813_0_4616,0,0,0,0
839_0_3458,0,0,0,0
773,0,0,0,0
850_0_4667,1,0,0,0
967_0_3,1,0,0,0
491_0_1259,0,1,0,0
767,1,1,0,0
774_0_8121,0,0,0,0
1004_0_6296,1,0,0,0
40_0_5102,0,1,0,0
973_0_6925,1,1,0,0
44_0_5625,1,0,0,0
50_0_3680,1,0,0,0
723_0_818,0,1,0,0
696_0_6172,0,0,0,0
734_0_8374,1,0,0,0
773_0_558,0,0,0,0
623_0_4742,0,0,0,0
989_0_3469,0,1,0,0
54_0_9449,0,1,0,0
711_0_11,0,0,0,0
54_0_4390,0,1,0,0
914_0_8306,1,1,0,0
217,0,0,1,0
996_0_9759,1,1,0,0
145_0_5623,1,1,1,1
814_0_1735,1,0,0,0
312_0_2492,0,1,0,1
657_0_5607,1,1,0,0
628_0_2111,1,1,0,0
1163_0_9819,1,1,0,0
99_0_8020,0,1,1,1
125_0_5244,1,1,0,0
9_0_4057,1,1,0,0
12_0_8859,1,0,0,0
4_0_903,1,0,0,0
809_0_8594,1,1,0,0
275_0_9063,0,1,0,0
202,1,1,0,1
315_0_5614,0,1,0,1
35_0_3369,1,1,0,0
1005_0_749,0,0,0,0
216,0,1,0,0
217_0_5498,0,0,1,0
717_0_1544,1,1,0,0
116_0_1739,0,1,0,0
313_0_3326,0,1,0,1
1071_0_7962,1,1,1,0
842_0_1504,1,1,0,0
969,1,1,0,0
735_0_4899,1,1,0,0
926_0_4302,1,1,0,0
799,1,0,0,0
942_0_6898,1,1,0,0
187_0_7079,0,1,0,0
766,0,1,0,0
772_0_7378,0,1,0,1
770_0_9280,0,1,0,0
159_0_5227,1,1,0,1
983_0_3961,1,1,0,0
772,0,1,0,1
724_0_4870,1,1,0,0
1162_0_9733,1,1,0,0
606_0_7044,1,1,0,0
996,1,1,0,0
404_0_9762,0,1,0,0
804_0_881,1,0,0,1
627_0_4845,0,0,0,0
134_0_3227,1,1,0,0
809,1,1,0,0
1002_0_8266,1,1,0,0
34_0_9827,0,0,0,0
1071_0_8714,1,1,1,0
524_0_3692,1,1,0,1
780_0_5342,1,1,0,0
971_0_1783,0,0,0,0
835,0,0,0,0
44_0_6259,1,0,0,0
785_0_5970,0,0,0,0
1142_0_5855,1,1,0,0
522_0_1878,1,0,0,1
500_0_7245,1,1,0,0
214_0_5284,1,1,0,1
61,1,0,0,0
357_0_3522,0,1,0,0
499_0_2384,1,1,0,0
606,1,1,0,0
611_0_5882,1,1,0,0
226_0_2868,0,0,0,0
951_0_2452,1,1,0,0
676_0_1767,1,0,0,0
1147,1,1,0,0
1153,1,1,0,0
936_0_9884,1,1,0,0
1061_0_5316,1,1,0,0
7_0_9973,1,1,0,0
126_0_8381,1,0,0,0
281_0_1423,0,0,0,1
275_0_2917,0,1,0,0
466_0_2019,1,1,0,0
410,0,1,0,0
522_0_4531,1,0,0,1
404,0,1,0,0
867_0_128,0,0,0,0
997_0_1618,0,0,0,0
681_0_13,1,0,0,0
200_0_5485,1,1,0,1
936_0_281,1,1,0,0
946_0_7641,1,1,0,0
471_0_6460,1,0,0,0
742_0_7535,1,0,0,0
405_0_2111,0,1,0,0
400,0,0,0,0
1180,1,1,0,0
414,1,1,0,0
1001_0_8278,0,1,0,0
731_0_8348,1,1,0,0
194_0_5408,1,1,0,0
1164_0_6194,0,1,0,0
1157,1,1,0,1
1160_0_3720,1,1,0,0
399,0,1,0,0
880_0_2858,1,1,0,0
936_0_7885,1,1,0,0
1094_0_1662,1,1,1,0
514_0_4411,0,1,0,0
250_0_3426,0,1,0,0
791_0_659,1,1,0,0
950_0_1279,0,0,0,0
616,0,0,0,0
133_0_3913,1,1,0,1
667_0_2081,1,1,0,0
1002_0_5975,1,1,0,0
899_0_9909,0,1,0,0
456_0_184,0,1,0,0
727_0_6499,1,0,0,0
1142_0_8385,1,1,0,0
662_0_6802,1,0,0,1
471_0_8868,1,0,0,0
992_0_7452,0,1,0,0
4_0_4520,1,0,0,0
831,1,1,0,0
1_0_2418,0,1,0,0
90_0_2166,0,1,0,0
951_0_8033,1,1,0,0
314_0_9132,0,1,0,0
351_0_6455,0,1,0,0
288_0_1854,1,1,0,0
1162_0_943,1,1,0,0
1110_0_9611,0,0,0,0
992,0,1,0,0
773_0_4221,0,0,0,0
282_0_9115,0,1,0,0
789,1,1,0,1
951,1,1,0,0
480_0_5979,0,0,0,0
479_0_8932,0,1,0,0
335_0_5023,1,1,0,0
480_0_4130,0,0,0,0
560,0,0,0,0
815_0_5670,0,0,0,0
417_0_7307,0,0,0,0
1061_0_8018,1,1,0,0
784_0_996,0,0,0,0
226_0_5252,0,0,0,0
898_0_5178,1,1,0,0
913_0_377,1,1,0,0
755_0_99,1,1,0,0
1152_0_9787,1,0,0,0
1181_0_5326,1,1,0,0
21_0_827,1,0,0,0
426_0_6614,0,1,0,0
761_0_5640,0,0,0,0
528_0_1819,1,1,0,0
250_0_9297,0,1,0,0
531_0_972,1,1,0,0
546_0_5392,0,0,0,0
5_0_6399,0,0,0,0
1007_0_2763,0,0,0,0
1157_0_1081,1,1,0,1
202_0_8139,1,1,0,1
33_0_1376,1,1,0,0
213,0,0,0,0
104_0_844,0,1,0,1
575,0,1,0,0
1157_0_3457,1,1,0,1
663_0_5180,0,1,0,0
950,0,0,0,0
788,1,1,0,0
1126_0_5481,1,1,0,0
521_0_2995,0,1,0,1
895_0_443,0,1,0,0
126_0_3831,1,0,0,0
444_0_3037,0,0,0,0
306_0_1013,1,1,0,0
799_0_9633,1,0,0,0
823_0_2990,0,1,0,0
356_0_3775,1,1,0,0
531_0_543,1,1,0,0
831_0_3843,1,1,0,0
476_0_3350,1,0,0,0
315_0_2354,0,1,0,1
768_0_7439,1,1,0,1
418_0_7165,1,1,0,0
763,0,1,0,0
1131_0_2278,1,1,0,0
1111_0_5456,0,0,0,0
100_0_1003,0,1,0,1
674_0_3467,1,0,0,0
804_0_6622,1,0,0,1
880_0_7289,1,1,0,0
727_0_5813,1,0,0,0
436_0_777,1,1,0,0
180_0_3645,1,1,1,0
901_0_6998,1,1,0,0
512_0_918,1,0,0,0
188_0_7169,0,1,0,0
114_0_800,0,0,0,0
1084_0_9669,1,0,0,0
159,1,1,0,1
352_0_9392,0,0,0,0
105_0_2902,0,1,1,0
972_0_6583,1,0,0,0
496_0_3029,1,1,0,0
89_0_8089,0,0,0,0
1092_0_1287,1,1,1,0
657_0_8521,1,1,0,0
1142,1,1,0,0
767_0_5111,1,1,0,0
1156,1,1,0,0
429,0,1,0,0
448_0_243,1,1,0,1
143_0_7007,1,1,1,0
832_0_8105,1,1,0,0
126_0_9059,1,0,0,0
309_0_6443,1,1,0,0
415,1,1,0,1
1181,1,1,0,0
90_0_332,0,1,0,0
1153_0_5477,1,1,0,0
417,0,0,0,0
862_0_1907,1,1,0,0
359,1,1,0,0
745_0_6471,0,0,0,0
101_0_7434,1,1,0,0
293_0_9504,0,0,0,0
1140,1,1,0,1
1157_0_9232,1,1,0,1
817_0_7006,1,0,0,0
845_0_9070,1,0,0,0
615,0,1,0,0
4_0_441,1,0,0,0
396_0_9710,1,1,0,1
560_0_6260,0,0,0,0
1158_0_1419,1,1,0,0
99,0,1,1,1
66_0_7117,1,1,0,0
894_0_191,0,0,0,0
464_0_4790,1,1,0,0
420_0_5659,1,1,0,0
298_0_72,1,0,0,0
712_0_5708,0,0,0,0
8,1,1,0,0
808_0_3482,0,0,0,0
951_0_4965,1,1,0,0
832,1,1,0,0
132_0_5706,1,1,0,0
198,1,1,0,0
826,1,1,0,0
899_0_2888,0,1,0,0
66,1,1,0,0
881_0_1319,1,1,0,0
761,0,0,0,0
422_0_6332,0,1,0,0
418_0_5770,1,1,0,0
786_0_4093,1,1,0,0
884_0_3872,1,1,0,0
199_0_7035,1,1,1,1
61_0_7548,1,0,0,0
608_0_3189,1,1,0,0
666_0_5583,1,1,0,0
1059_0_3339,1,1,0,0
747_0_8199,0,0,0,0
202_0_8311,1,1,0,1
676_0_8432,1,0,0,0
972_0_3228,1,0,0,0
134_0_7898,1,1,0,0
946,1,1,0,0
407_0_1653,0,0,0,0
1136_0_5957,1,1,0,0
930_0_5240,1,0,0,1
400_0_9718,0,0,0,0
172_0_588,1,1,0,1
907_0_1595,1,1,0,0
723_0_6791,0,1,0,0
1176_0_5096,0,0,0,0
239,0,0,0,0
101_0_7232,1,1,0,0
443_0_3734,1,1,0,0
36_0_9329,1,1,0,0
1008,0,0,0,0
40_0_6196,0,1,0,0
854_0_6221,1,1,0,0
266_0_2780,1,1,0,0
100_0_7855,0,1,0,1
736_0_8926,1,0,0,0
419_0_5696,1,1,0,0
31_0_8509,1,1,0,0
1161_0_8431,1,1,0,0
2_0_1121,0,0,0,0
433_0_3922,0,1,0,0
738_0_7749,0,1,0,1
865_0_1342,1,1,0,0
287_0_5853,1,0,0,1
802_0_9874,1,0,0,0
679_0_378,0,1,0,0
1006_0_4792,0,0,0,0
133_0_3454,1,1,0,1
648_0_3691,1,1,0,0
831_0_5955,1,1,0,0
289_0_1972,0,0,0,0
386_0_3508,0,1,0,0
31_0_4496,1,1,0,0
238,0,0,0,0
720_0_2063,1,1,0,0
867_0_5754,0,0,0,0
521_0_5586,0,1,0,1
810_0_3414,0,0,0,0
199_0_9794,1,1,1,1
981_0_3695,0,1,0,0
334_0_7921,0,1,0,0
1156_0_704,1,1,0,0
913_0_9905,1,1,0,0
939_0_9565,1,1,0,0
411_0_941,0,1,0,0
748,1,1,0,0
995_0_7796,1,1,0,0
981_0_7342,0,1,0,0
421_0_1863,0,0,0,0
312_0_2668,0,1,0,1
774,0,0,0,0
896_0_3466,1,1,0,0
915_0_2734,1,1,0,0
199,1,1,1,1
767_0_2325,1,1,0,0
67,1,0,0,0
45_0_117,0,0,0,0
887_0_6497,1,0,0,0
1095_0_7692,1,1,1,0
9,1,1,0,0
66_0_1598,1,1,0,0
190_0_5885,0,1,0,0
1059_0_7994,1,1,0,0
1158_0_2887,1,1,0,0
115_0_7591,1,1,0,0
470_0_4351,1,0,0,0
628,1,1,0,0
410_0_8858,0,1,0,0
614,0,1,0,0
172,1,1,0,1
774_0_7407,0,0,0,0
1134_0_8009,1,1,0,0
114_0_9473,0,0,0,0
9_0_5213,1,1,0,0
983_0_6214,1,1,0,0
1141,1,1,0,0
790_0_1038,0,1,0,1
948_0_6839,1,1,0,0
145_0_7635,1,1,1,1
408_0_6570,0,0,0,0
784_0_837,0,0,0,0
416,1,1,0,1
286_0_4005,0,1,0,0
220_0_4863,0,1,0,1
4_0_4948,1,0,0,0
752_0_4369,1,1,0,0
317,1,1,0,1
960_0_8277,1,1,0,0
286_0_6148,0,1,0,0
471,1,0,0,0
525_0_1881,1,0,1,0
868_0_6313,1,1,0,0
722_0_827,0,1,0,0
395_0_2605,1,1,0,0
416_0_8559,1,1,0,1
1126,1,1,0,0
1132,1,1,0,0
711_0_9416,0,0,0,0
883,1,1,0,1
407_0_1796,0,0,0,0
752_0_9329,1,1,0,0
547_0_9205,0,1,0,0
673,1,0,0,0
156_0_7593,1,1,1,1
860_0_9768,1,1,0,0
115,1,1,0,0
101,1,1,0,0
1114_0_57,0,0,0,0
768_0_395,1,1,0,1
290_0_4048,0,1,0,0
667,1,1,0,0
854,1,1,0,0
5_0_9409,0,0,0,0
950_0_5085,0,0,0,0
1181_0_5021,1,1,0,0
469_0_8044,0,0,0,0
359_0_2526,1,1,0,0
868,1,1,0,0
266_0_6806,1,1,0,0
513_0_9490,0,1,0,0
420_0_1459,1,1,0,0
6_0_2630,0,0,0,0
813_0_9434,0,0,0,0
834_0_5658,1,0,0,1
500_0_4842,1,1,0,0
294_0_4196,0,0,0,0
679_0_5663,0,1,0,0
285_0_3189,0,1,0,0
238_0_5724,0,0,0,0
745_0_3143,0,0,0,0
713,0,0,0,0
920,0,0,0,0
1135_0_6991,1,1,0,0
882_0_4023,1,1,0,0
357_0_9697,0,1,0,0
934,0,0,0,0
443_0_8377,1,1,0,0
759_0_2670,0,0,0,0
386_0_9056,0,1,0,0
322_0_9729,0,1,0,0
616_0_2735,0,0,0,0
356_0_8320,1,1,0,0
907_0_2950,1,1,0,0
729_0_5852,1,1,0,0
511,0,1,0,0
1150_0_5964,1,1,0,0
770_0_9791,0,1,0,0
295_0_6699,0,0,0,0
250_0_219,0,1,0,0
288,1,1,0,0
725_0_9578,0,1,0,0
490_0_3287,0,0,0,0
766_0_9253,0,1,0,0
756_0_7998,0,0,0,0
424_0_3187,1,1,0,1
739_0_8706,1,1,0,0
432_0_805,0,1,0,1
84_0_7135,1,1,0,0
289,0,0,0,0
896_0_1798,1,1,0,0
400_0_1135,0,0,0,0
1000_0_8927,1,1,0,0
1084,1,0,0,0
510,0,0,0,0
285_0_5923,0,1,0,0
114_0_3919,0,0,0,0
426_0_5386,0,1,0,0
663_0_1142,0,1,0,0
886_0_5157,0,0,0,0
77_0_5361,0,1,0,0
451_0_8420,0,0,0,0
415_0_8608,1,1,0,1
606_0_5814,1,1,0,0
447_0_2197,0,0,0,0
1180_0_4178,1,1,0,0
575_0_6330,0,1,0,0
351_0_61,0,1,0,0
40_0_9995,0,1,0,0
712,0,0,0,0
33_0_7574,1,1,0,0
1115_0_4793,0,0,0,0
476_0_6517,1,0,0,0
201_0_732,1,0,0,1
959_0_1288,1,1,0,0
787_0_5621,1,1,0,0
815_0_2594,0,0,0,0
355_0_5757,1,1,0,0
172_0_8951,1,1,0,1
747_0_7434,0,0,0,0
841,1,1,0,0
743_0_6970,1,1,0,0
722_0_4172,0,1,0,0
516_0_5899,0,0,0,1
100,0,1,0,1
666,1,1,0,0
544_0_5183,0,1,0,0
114,0,0,0,0
408_0_3678,0,0,0,0
882,1,1,0,0
896,1,1,0,0
965_0_7975,0,1,0,0
1147_0_3845,1,1,0,0
543_0_3973,0,1,0,0
1133,1,1,0,0
191_0_7646,0,1,0,0
755_0_3879,1,1,0,0
586_0_2878,1,1,0,0
518_0_4383,1,1,1,1
156_0_5178,1,1,1,1
738_0_5931,0,1,0,1
753_0_1122,1,1,0,0
464,1,1,0,0
1159_0_1572,1,1,0,0
932_0_9899,1,1,0,0
1_0_788,0,1,0,0
729_0_7856,1,1,0,0
575_0_4862,0,1,0,0
470,1,0,0,0
493_0_4861,1,1,0,0
967_0_9327,1,0,0,0
172_0_7889,1,1,0,1
491_0_1170,0,1,0,0
511_0_3296,0,1,0,0
971_0_5008,0,0,0,0
594_0_6184,1,1,0,0
860_0_6128,1,1,0,0
466,1,1,0,0
122_0_2857,0,0,0,0
314,0,1,0,0
831_0_9702,1,1,0,0
499,1,1,0,0
115_0_1351,1,1,0,0
37_0_7655,1,0,0,0
444_0_2010,0,0,0,0
238_0_3785,0,0,0,0
1131,1,1,0,0
730_0_6958,0,0,0,0
1005_0_2028,0,0,0,0
739_0_9208,1,1,0,0
969_0_5128,1,1,0,0
215_0_8369,0,1,0,1
880,1,1,0,0
2_0_782,0,0,0,0
894,0,0,0,0
664,1,1,0,0
469_0_8,0,0,0,0
116,0,1,0,0
670,0,0,0,1
879_0_1858,1,1,0,0
125_0_3509,1,1,0,0
826_0_1035,1,1,0,0
857,0,1,0,0
823_0_3586,0,1,0,0
335_0_5496,1,1,0,0
1136_0_2867,1,1,0,0
712_0_6516,0,0,0,0
386_0_648,0,1,0,0
933_0_5983,0,0,0,0
281_0_6064,0,0,0,1
1177_0_2860,0,1,0,0
738,0,1,0,1
850_0_9320,1,0,0,0
780_0_7494,1,1,0,0
308_0_2174,1,1,0,0
1126_0_4713,1,1,0,0
890_0_9722,1,0,0,0
217_0_773,0,0,1,0
464_0_2555,1,1,0,0
419_0_5382,1,1,0,0
923,0,1,0,0
93_0_6618,0,0,0,0
9_0_7070,1,1,0,0
810_0_5997,0,0,0,0
1159_0_9702,1,1,0,0
305_0_3645,1,1,0,0
662_0_9160,1,0,0,1
933_0_2222,0,0,0,0
188_0_3750,0,1,0,0
1061_0_1927,1,1,0,0
512,1,0,0,0
1092,1,1,1,0
354_0_378,1,0,0,0
295_0_6856,0,0,0,0
628_0_7793,1,1,0,0
537_0_9626,0,1,0,0
524_0_9901,1,1,0,1
527_0_3749,1,1,0,0
996_0_8395,1,1,0,0
914_0_3581,1,1,0,0
323_0_3685,1,1,0,1
551_0_4829,1,0,0,0
226_0_8705,0,0,0,0
517_0_3505,0,0,0,1
766_0_9537,0,1,0,0
948_0_3677,1,1,0,0
306_0_667,1,1,0,0
1149_0_6933,1,1,0,0
35_0_2955,1,1,0,0
178_0_1090,1,1,1,0
215_0_309,0,1,0,1
1093,1,1,1,0
813_0_2985,0,0,0,0
275,0,1,0,0
513,0,1,0,0
100_0_4337,0,1,0,1
763_0_1230,0,1,0,0
1106_0_6508,0,1,0,0
424_0_2517,1,1,0,1
1106_0_4479,0,1,0,0
674_0_1028,1,0,0,0
202_0_8177,1,1,0,1
667_0_1470,1,1,0,0
969_0_9465,1,1,0,0
767_0_5215,1,1,0,0
844_0_6411,0,1,0,0
810_0_9612,0,0,0,0
357_0_1587,0,1,0,0
854_0_5228,1,1,0,0
298_0_456,1,0,0,0
734_0_4262,1,0,0,0
936,1,1,0,0
960_0_9590,1,1,0,0
748_0_8163,1,1,0,0
1160_0_5083,1,1,0,0
711,0,0,0,0
445_0_4395,0,1,0,0
720_0_1725,1,1,0,0
199_0_8404,1,1,1,1
1062_0_1041,1,1,0,0
117_0_8100,0,1,0,0
423_0_6064,1,1,0,0
739,1,1,0,0
1181_0_2823,1,1,0,0
1106_0_5565,0,1,0,0
916_0_860,1,1,0,0
883_0_6464,1,1,0,1
320_0_2422,0,1,0,1
405_0_4088,0,1,0,0
514_0_5797,0,1,0,0
155_0_9798,1,1,1,1
842,1,1,0,0
670_0_8461,0,0,0,1
308_0_3479,1,1,0,0
117,0,1,0,0
527_0_7857,1,1,0,0
671,0,1,0,0
414_0_6104,1,1,0,0
611_0_2618,1,1,0,0
744_0_9170,0,0,0,0
1094_0_8609,1,1,1,0
895,0,1,0,0
881,1,1,0,0
213_0_1541,0,0,0,0
228_0_9358,0,0,0,0
666_0_1408,1,1,0,0
409_0_6800,0,0,0,0
772_0_5685,0,1,0,1
359_0_9897,1,1,0,0
681_0_8322,1,0,0,0
353_0_5401,1,0,0,0
498,1,1,0,0
973_0_4598,1,1,0,0
121_0_5448,1,1,0,0
711_0_837,0,0,0,0
490_0_9179,0,0,0,0
315_0_824,0,1,0,1
190_0_6696,0,1,0,0
315,0,1,0,1
301,0,0,0,0
992_0_5975,0,1,0,0
412_0_9604,0,1,0,0
1180_0_611,1,1,0,0
1177_0_8790,0,1,0,0
290_0_9988,0,1,0,0
444_0_3486,0,0,0,0
305,1,1,0,0
311,1,1,0,1
399_0_1198,0,1,0,0
812_0_1994,0,1,0,0
788_0_4983,1,1,0,0
283_0_1591,0,1,0,0
967_0_2277,1,0,0,0
5_0_244,0,0,0,0
1134,1,1,0,0
516_0_6165,0,0,0,1
789_0_2781,1,1,0,1
1096_0_1501,0,1,0,0
696_0_6276,0,0,0,0
899_0_4057,0,1,0,0
933_0_9992,0,0,0,0
675,1,0,0,0
336_0_4581,1,1,1,1
404_0_3412,0,1,0,0
337_0_430,0,1,0,0
93_0_2296,0,0,0,0
885,0,0,0,0
395_0_4058,1,1,0,0
1140_0_9887,1,1,0,1
662_0_4086,1,0,0,1
894_0_4322,0,0,0,0
12,1,0,0,0
498_0_4477,1,1,0,0
810_0_6294,0,0,0,0
923_0_6601,0,1,0,0
748_0_8167,1,1,0,0
278_0_4682,0,0,0,0
729,1,1,0,0
479_0_9871,0,1,0,0
676_0_4283,1,0,0,0
391_0_3616,1,1,0,0
713_0_455,0,0,0,0
584_0_9579,1,1,0,0
731_0_8908,1,1,0,0
932,1,1,0,0
926,1,1,0,0
517,0,0,0,1
333_0_9711,0,0,0,0
180_0_864,1,1,1,0
1163_0_4340,1,1,0,0
287_0_2152,1,0,0,1
1094_0_4433,1,1,1,0
774_0_9073,0,0,0,0
191_0_5877,0,1,0,0
469_0_7952,0,0,0,0
136_0_506,1,1,0,1
319_0_1122,0,0,0,1
932_0_8362,1,1,0,0
333_0_5103,0,0,0,0
752_0_5844,1,1,0,0
307_0_5441,0,1,0,0
784_0_2966,0,0,0,0
971_0_9958,0,0,0,0
180_0_2673,1,1,1,0
443_0_2462,1,1,0,0
681_0_5777,1,0,0,0
528_0_682,1,1,0,0
667_0_4727,1,1,0,0
711_0_7951,0,0,0,0
1167_0_5022,1,1,0,0
1149_0_3872,1,1,0,0
200_0_6061,1,1,0,1
495_0_9409,1,1,1,1
309_0_781,1,1,0,0
77_0_6691,0,1,0,0
747_0_8488,0,0,0,0
96_0_4152,0,0,0,0
468_0_6943,0,0,0,0
1148_0_475,1,0,0,0
1096,0,1,0,0
117_0_6464,0,1,0,0
416_0_5867,1,1,0,1
516,0,0,0,1
408_0_1684,0,0,0,0
771_0_4427,1,1,0,0
496_0_228,1,1,0,0
220_0_3514,0,1,0,1
933,0,0,0,0
1096_0_3049,0,1,0,0
812_0_2867,0,1,0,0
771_0_7106,1,1,0,0
468_0_4403,0,0,0,0
673_0_4640,1,0,0,0
786_0_6801,1,1,0,0
61_0_5464,1,0,0,0
384_0_3867,0,0,0,0
728,0,0,0,0
666_0_4830,1,1,0,0
773_0_5161,0,0,0,0
510_0_9923,0,0,0,0
12_0_1358,1,0,0,0
121_0_8579,1,1,0,0
188_0_1427,0,1,0,0
817_0_2309,1,0,0,0
494_0_1005,0,1,0,1
1156_0_4135,1,1,0,0
1003_0_1894,1,1,0,0
675_0_4887,1,0,0,0
890,1,0,0,0
648,1,1,0,0
99_0_2185,0,1,1,1
1089_0_1321,1,0,1,0
1141_0_552,1,1,0,0
616_0_6636,0,0,0,0
626_0_8330,0,0,0,0
1115_0_467,0,0,0,0
616_0_4753,0,0,0,0
884,1,1,0,0
337_0_357,0,1,0,0
674,1,0,0,0
323_0_7747,1,1,0,1
851_0_7615,0,1,0,0
12_0_2057,1,0,0,0
80_0_5822,0,0,0,0
725_0_4107,0,1,0,0
494_0_9129,0,1,0,1
1109,0,0,0,0
1132_0_2361,1,1,0,0
314_0_8851,0,1,0,0
547_0_5821,0,1,0,0
516_0_1179,0,0,0,1
1121,1,1,0,0
1177_0_4150,0,1,0,0
1135,1,1,0,0
614_0_3314,0,1,0,0
436_0_2640,1,1,0,0
759_0_7690,0,0,0,0
758_0_5376,1,1,0,1
518_0_2045,1,1,1,1
929_0_8107,1,1,0,1
476,1,0,0,0
456_0_2554,0,1,0,0
308_0_2574,1,1,0,0
906_0_4186,1,0,0,0
335_0_7052,1,1,0,0
312,0,1,0,1
608_0_7978,1,1,0,0
673_0_1316,1,0,0,0
306,1,1,0,0
1153_0_7567,1,1,0,0
448,1,1,0,1
522_0_778,1,0,0,1
115_0_7097,1,1,0,0
854_0_9039,1,1,0,0
132_0_8719,1,1,0,0
648_0_3793,1,1,0,0
1180_0_1414,1,1,0,0
336_0_2326,1,1,1,1
608_0_4256,1,1,0,0
411_0_4895,0,1,0,0
354_0_9059,1,0,0,0
1153_0_3098,1,1,0,0
383_0_9240,0,0,0,0
431_0_2194,0,1,0,0
1005_0_3697,0,0,0,0
676,1,0,0,0
662,1,0,0,1
104,0,1,0,1
419_0_5233,1,1,0,0
886,0,0,0,0
194_0_5681,1,1,0,0
879,1,1,0,0
495_0_7988,1,1,1,1
1003_0_1882,1,1,0,0
39,1,1,0,0
355_0_3444,1,1,0,0
1007_0_3795,0,0,0,0
531_0_5207,1,1,0,0
384_0_9233,0,0,0,0
851,0,1,0,0
920_0_7880,0,0,0,0
1167_0_8128,1,1,0,0
735_0_1615,1,1,0,0
845,1,0,0,0
423_0_8853,1,1,0,0
313_0_9323,0,1,0,1
383_0_6588,0,0,0,0
663_0_6417,0,1,0,0
490_0_3719,0,0,0,0
517_0_8866,0,0,0,1
671_0_2480,0,1,0,0
105_0_6495,0,1,1,0
835_0_8063,0,0,0,0
998_0_2923,0,0,0,0
451_0_6186,0,0,0,0
850_0_9483,1,0,0,0
282_0_4323,0,1,0,0
766_0_3237,0,1,0,0
445_0_7670,0,1,0,0
419_0_1684,1,1,0,0
424_0_2909,1,1,0,1
451_0_1819,0,0,0,0
1135_0_3146,1,1,0,0
664_0_8878,1,1,0,0
1094,1,1,1,0
500,1,1,0,0
447_0_5429,0,0,0,0
266,1,1,0,0
1149_0_9352,1,1,0,0
412_0_3514,0,1,0,0
736_0_3150,1,0,0,0
178_0_2575,1,1,1,0
514,0,1,0,0
575_0_1856,0,1,0,0
839_0_5528,0,0,0,0
528,1,1,0,0
626_0_8905,0,0,0,0
282_0_3666,0,1,0,0
842_0_2243,1,1,0,0
1167_0_2767,1,1,0,0
306_0_2745,1,1,0,0
213_0_3783,0,0,0,0
1112_0_1110,0,0,0,0
1159_0_5856,1,1,0,0
298,1,0,0,0
998_0_2275,0,0,0,0
244_0_5743,0,1,0,1
884_0_9642,1,1,0,0
930_0_4470,1,0,0,1
916_0_8260,1,1,0,0
850_0_5737,1,0,0,0
525_0_1701,1,0,1,0
839_0_1001,0,0,0,0
1095,1,1,1,0
930,1,0,0,1
21_0_4538,1,0,0,0
884_0_6997,1,1,0,0
141_0_9558,0,0,0,0
84_0_7468,1,1,0,0
187_0_5151,0,1,0,0
327_0_2721,0,0,0,0
918,1,1,0,0
1176_0_3863,0,0,0,0
717,1,1,0,0
584_0_7595,1,1,0,0
860_0_8506,1,1,0,0
755_0_4256,1,1,0,0
512_0_4309,1,0,0,0
456_0_9774,0,1,0,0
844,0,1,0,0
322_0_109,0,1,0,0
141_0_8732,0,0,0,0
437_0_2767,1,1,0,0
226_0_4515,0,0,0,0
850,1,0,0,0
530_0_781,1,1,0,0
238_0_1397,0,0,0,0
871_0_1497,1,1,0,0
333_0_1788,0,0,0,0
1134_0_8526,1,1,0,0
191_0_8799,0,1,0,0
887,1,0,0,0
432_0_2400,0,1,0,1
946_0_3654,1,1,0,0
281_0_4700,0,0,0,1
893,1,0,0,0
890_0_7640,1,0,0,0
663,0,1,0,0
932_0_4604,1,1,0,0
105,0,1,1,0
605_0_678,1,1,0,0
881_0_2060,1,1,0,0
522_0_9272,1,0,0,1
228_0_7818,0,0,0,0
480_0_4970,0,0,0,0
220_0_5204,0,1,0,1
605_0_9610,1,1,0,0
278_0_1471,0,0,0,0
753_0_4922,1,1,0,0
894_0_7417,0,0,0,0
1136,1,1,0,0
995_0_7468,1,1,0,0
1150_0_2612,1,1,0,0
313_0_3551,0,1,0,1
1140_0_6793,1,1,0,1
511_0_5838,0,1,0,0
809_0_5176,1,1,0,0
592_0_4827,1,1,0,0
307,0,1,0,0
745_0_7043,0,0,0,0
1059_0_1606,1,1,0,0
313,0,1,0,1
799_0_201,1,0,0,0
614_0_322,0,1,0,0
418_0_6612,1,1,0,0
882_0_5903,1,1,0,0
627_0_9110,0,0,0,0
336,1,1,1,1
841_0_2651,1,1,0,0
422_0_6003,0,1,0,0
322_0_1208,0,1,0,0
444,0,0,0,0
1162_0_2578,1,1,0,0
322,0,1,0,0
286_0_9528,0,1,0,0
512_0_8112,1,0,0,0
753_0_2386,1,1,0,0
492_0_6425,0,0,0,0
104_0_3228,0,1,0,1
729_0_590,1,1,0,0
493,1,1,0,0
36_0_5434,1,1,0,0
554_0_8238,1,0,0,0
414_0_7952,1,1,0,0
717_0_3065,1,1,0,0
431_0_1485,0,1,0,0
288_0_1794,1,1,0,0
1136_0_1419,1,1,0,0
396_0_7752,1,1,0,1
789_0_4658,1,1,0,1
1149_0_4256,1,1,0,0
134,1,1,0,0
851_0_3327,0,1,0,0
713_0_2306,0,0,0,0
35,1,1,0,0
115_0_3014,1,1,0,0
21,1,0,0,0
611_0_9791,1,1,0,0
895_0_5473,0,1,0,0
1121_0_386,1,1,0,0
786_0_211,1,1,0,0
357_0_2873,0,1,0,0
1089_0_3464,1,0,1,0
1095_0_3505,1,1,1,0
31_0_71,1,1,0,0
80_0_9347,0,0,0,0
490_0_3701,0,0,0,0
155_0_6517,1,1,1,1
732,1,1,0,0
586_0_1766,1,1,0,0
901,1,1,0,0
915,1,1,0,0
1128_0_921,1,1,0,0
883_0_4456,1,1,0,1
929,1,1,0,1
134_0_8905,1,1,0,0
518,1,1,1,1
871_0_1707,1,1,0,0
525_0_2577,1,0,1,0
1000_0_3675,1,1,0,0
524,1,1,0,1
530,1,1,0,0
312_0_8667,0,1,0,1
445_0_7456,0,1,0,0
786_0_7046,1,1,0,0
281,0,0,0,1
391_0_5903,1,1,0,0
722_0_3211,0,1,0,0
222_0_1970,0,1,0,0
1067,1,1,0,0
512_0_1081,1,0,0,0
729_0_396,1,1,0,0
295,0,0,0,0
1093_0_598,1,1,1,0
294,0,0,0,0
960_0_3,1,1,0,0
427_0_462,0,0,0,0
667_0_6671,1,1,0,0
736_0_4183,1,0,0,0
217_0_4062,0,0,1,0
740_0_4755,0,1,0,0
5_0_3272,0,0,0,0
337_0_6451,0,1,0,0
99_0_9342,0,1,1,1
413_0_7459,0,0,0,0
531,1,1,0,0
84_0_9878,1,1,0,0
476_0_9375,1,0,0,0
1161_0_5813,1,1,0,0
525,1,0,1,0
116_0_7309,0,1,0,0
946_0_5605,1,1,0,0
730_0_1635,0,0,0,0
32_0_1014,1,1,0,0
8_0_8293,1,1,0,0
621_0_4358,1,1,0,0
41_0_8230,0,1,0,0
896_0_3179,1,1,0,0
918_0_1127,1,1,0,0
89_0_9933,0,0,0,0
959_0_3455,1,1,0,0
788_0_2091,1,1,0,0
914,1,1,0,0
510_0_8429,0,0,0,0
424_0_6586,1,1,0,1
718_0_1772,1,0,0,0
758_0_8259,1,1,0,1
215_0_8564,0,1,0,1
828_0_7132,1,1,0,0
727,1,0,0,0
200_0_5956,1,1,0,1
287_0_4707,1,0,0,1
423_0_2552,1,1,0,0
743_0_5323,1,1,0,0
724_0_7492,1,1,0,0
319_0_1474,0,0,0,1
893_0_1810,1,0,0,0
520_0_3094,1,1,0,1
907_0_3688,1,1,0,0
882_0_7330,1,1,0,0
860,1,1,0,0
34,0,0,0,0
479_0_6379,0,1,0,0
194_0_1398,1,1,0,0
121,1,1,0,0
965_0_2804,0,1,0,0
80_0_8676,0,0,0,0
446_0_7277,0,1,0,0
913_0_7614,1,1,0,0
12_0_6564,1,0,0,0
159_0_4742,1,1,0,1
404_0_9131,0,1,0,0
544_0_6497,0,1,0,0
437_0_7820,1,1,0,0
390_0_9601,1,1,0,0
969_0_6827,1,1,0,0
1112,0,0,0,0
664_0_813,1,1,0,0
626_0_4908,0,0,0,0
1106,0,1,0,0
492,0,0,0,0
573_0_5363,0,1,0,0
190_0_3727,0,1,0,0
356_0_9803,1,1,0,0
445,0,1,0,0
1005_0_2962,0,0,0,0
323,1,1,0,1
337,0,1,0,0
451,0,0,0,0
311_0_2966,1,1,0,1
479,0,1,0,0
835_0_8456,0,0,0,0
740_0_668,0,1,0,0
1158_0_9229,1,1,0,0
496_0_8304,1,1,0,0
309,1,1,0,0
287_0_8275,1,0,0,1
239_0_7169,0,0,0,0
1128_0_3087,1,1,0,0
447,0,0,0,0
560_0_8779,0,0,0,0
834_0_8766,1,0,0,1
143_0_4560,1,1,1,0
942_0_5083,1,1,0,0
335,1,1,0,0
2_0_7475,0,0,0,0
758_0_4930,1,1,0,1
728_0_4041,0,0,0,0
748_0_5922,1,1,0,0
1138,1,1,0,1
1110,0,0,0,0
1126_0_4493,1,1,0,0
851_0_3697,0,1,0,0
490,0,0,0,0
930_0_819,1,0,0,1
679,0,1,0,0
421_0_8976,0,0,0,0
543_0_2496,0,1,0,0
885_0_5797,0,0,0,0
614_0_1095,0,1,0,0
547_0_4703,0,1,0,0
1126_0_2237,1,1,0,0
510_0_6599,0,0,0,0
889,0,0,0,0
862,1,1,0,0
859_0_387,1,0,0,0
1007_0_8803,0,0,0,0
1138_0_3610,1,1,0,1
155_0_9974,1,1,1,1
1003_0_9209,1,1,0,0
36,1,1,0,0
621_0_8825,1,1,0,0
1167_0_1103,1,1,0,0
317_0_3052,1,1,0,1
1004_0_9736,1,0,0,0
39_0_960,1,1,0,0
214_0_8913,1,1,0,1
1002_0_2697,1,1,0,0
769_0_8442,0,1,0,0
995_0_2873,1,1,0,0
178_0_8533,1,1,1,0
615_0_4383,0,1,0,0
731,1,1,0,0
885_0_5191,0,0,0,0
21_0_7956,1,0,0,0
725,0,1,0,0
332_0_7166,0,1,0,0
133_0_4154,1,1,0,1
916,1,1,0,0
1176_0_9373,0,0,0,0
290_0_6090,0,1,0,0
1008_0_4137,0,0,0,0
718_0_1016,1,0,0,0
425_0_1683,0,0,0,0
862_0_4218,1,1,0,0
998_0_9676,0,0,0,0
901_0_4717,1,1,0,0
918_0_7540,1,1,0,0
1152_0_3206,1,0,0,0
312_0_8894,0,1,0,1
1147_0_2826,1,1,0,0
724_0_7876,1,1,0,0
860_0_7363,1,1,0,0
804_0_7778,1,0,0,1
527,1,1,0,0
893_0_4598,1,0,0,0
575_0_8882,0,1,0,0
454_0_6991,0,0,0,0
421_0_4209,0,0,0,0
826_0_1438,1,1,0,0
275_0_1332,0,1,0,0
282,0,1,0,0
766_0_9265,0,1,0,0
1071,1,1,1,0
283,0,1,0,0
216_0_7896,0,1,0,0
6_0_1695,0,0,0,0
1059,1,1,0,0
896_0_395,1,1,0,0
409_0_6982,0,0,0,0
929_0_6720,1,1,0,1
802_0_5993,1,0,0,0
359_0_9901,1,1,0,0
737_0_9769,1,0,0,1
1131_0_3479,1,1,0,0
390_0_8118,1,1,0,0
50_0_6787,1,0,0,0
187_0_9994,0,1,0,0
32_0_7843,1,1,0,0
289_0_6532,0,0,0,0
199_0_5854,1,1,1,1
868_0_9407,1,1,0,0
427_0_8767,0,0,0,0
623_0_570,0,0,0,0
857_0_6242,0,1,0,0
724,1,1,0,0
929_0_370,1,1,0,1
317_0_6922,1,1,0,1
730,0,0,0,0
493_0_5803,1,1,0,0
323_0_5996,1,1,0,1
718,1,0,0,0
720_0_4898,1,1,0,0
815_0_8110,0,0,0,0
727_0_9667,1,0,0,0
675_0_27,1,0,0,0
670_0_6323,0,0,0,1
1162_0_2977,1,1,0,0
117_0_2593,0,1,0,0
551_0_5684,1,0,0,0
37,1,0,0,0
520_0_5545,1,1,0,1
920_0_9121,0,0,0,0
136,1,1,0,1
216_0_2497,0,1,0,0
888,0,0,0,0
866_0_4310,1,1,0,0
122,0,0,0,0
93_0_4826,0,0,0,0
1109_0_8808,0,0,0,0
802_0_6652,1,0,0,0
222_0_1345,0,1,0,0
36_0_4728,1,1,0,0
491,0,1,0,0
717_0_5199,1,1,0,0
99_0_871,0,1,1,1
400_0_8709,0,0,0,0
1111,0,0,0,0
1177_0_7455,0,1,0,0
739_0_2427,1,1,0,0
187_0_4650,0,1,0,0
584_0_9170,1,1,0,0
190_0_4739,0,1,0,0
279_0_784,1,0,0,0
808_0_1788,0,0,0,0
973_0_2645,1,1,0,0
198_0_8449,1,1,0,0
334,0,1,0,0
1006_0_6076,0,0,0,0
320,0,1,0,1
446,0,1,0,0
308,1,1,0,0
809_0_6474,1,1,0,0
951_0_451,1,1,0,0
676_0_4856,1,0,0,0
305_0_9210,1,1,0,0
456,0,1,0,0
414_0_517,1,1,0,0
881_0_5512,1,1,0,0
422_0_3627,0,1,0,0
614_0_442,0,1,0,0
1115,0,0,0,0
510_0_8002,0,0,0,0
1112_0_5209,0,0,0,0
495,1,1,1,1
8_0_4257,1,1,0,0
143_0_2841,1,1,1,0
413_0_8180,0,0,0,0
916_0_9773,1,1,0,0
283_0_4437,0,1,0,0
126,1,0,0,0
898,1,1,0,0
514_0_2750,0,1,0,0
198_0_9551,1,1,0,0
437_0_8296,1,1,0,0
132,1,1,0,0
67_0_8157,1,0,0,0
808_0_3372,0,0,0,0
420_0_5195,1,1,0,0
7_0_4008,1,1,0,0
50_0_322,1,0,0,0
1150_0_8687,1,1,0,0
769_0_4490,0,1,0,0
104_0_9273,0,1,0,1
997_0_2828,0,0,0,0
673_0_3090,1,0,0,0
239_0_4868,0,0,0,0
675_0_8904,1,0,0,0
867,0,0,0,0
696_0_4656,0,0,0,0
33,1,1,0,0
866_0_5787,1,1,0,0
96_0_7137,0,0,0,0
734,1,0,0,0
530_0_9842,1,1,0,0
720,1,1,0,0
96_0_8576,0,0,0,0
39_0_144,1,1,0,0
1110_0_8565,0,0,0,0
1092_0_8141,1,1,1,0
862_0_7927,1,1,0,0
387_0_1247,0,1,0,0
454_0_5709,0,0,0,0
1008_0_8052,0,0,0,0
1121_0_592,1,1,0,0
66_0_9966,1,1,0,0
913,1,1,0,0
889_0_3011,0,0,0,0
283_0_3990,0,1,0,0
511_0_7361,0,1,0,0
907,1,1,0,0
789_0_8448,1,1,0,1
250,0,1,0,0
1164_0_9346,0,1,0,0
1176_0_30,0,0,0,0
1084_0_6121,1,0,0,0
244,0,1,0,1
522,1,0,0,1
155_0_9352,1,1,1,1
33_0_5153,1,1,0,0
278,0,0,0,0
862_0_8816,1,1,0,0
354_0_9866,1,0,0,0
1061,1,1,0,0
1084_0_5399,1,0,0,0
293,0,0,0,0
287,1,0,0,1
492_0_7675,0,0,0,0
948_0_3120,1,1,0,0
885_0_6648,0,0,0,0
530_0_7476,1,1,0,0
323_0_6928,1,1,0,1
1153_0_1915,1,1,0,0
432_0_2782,0,1,0,1
145_0_4584,1,1,1,1
730_0_6821,0,0,0,0
787_0_5564,1,1,0,0
286,0,1,0,0
738_0_6364,0,1,0,1
546_0_8838,0,0,0,0
732_0_6704,1,1,0,0
244_0_43,0,1,0,1
279,1,0,0,0
353_0_3875,1,0,0,0
1094_0_7654,1,1,1,0
332_0_3660,0,1,0,0
43_0_7952,1,1,0,0
537,0,1,0,0
429_0_7514,0,1,0,0
906,1,0,0,0
448_0_4239,1,1,0,1
841_0_6961,1,1,0,0
464_0_9431,1,1,0,0
431_0_180,0,1,0,0
125_0_1501,1,1,0,0
1112_0_1318,0,0,0,0
180_0_449,1,1,1,0
842_0_8567,1,1,0,0
492_0_3837,0,0,0,0
172_0_6608,1,1,0,1
784_0_3127,0,0,0,0
34_0_9069,0,0,0,0
275_0_3938,0,1,0,0
414_0_4125,1,1,0,0
178_0_8279,1,1,1,0
735,1,1,0,0
32,1,1,0,0
1004_0_3545,1,0,0,0
498_0_5985,1,1,0,0
728_0_9763,0,0,0,0
866,1,1,0,0
696,0,0,0,0
244_0_3066,0,1,0,1
89_0_4154,0,0,0,0
418_0_6365,1,1,0,0
456_0_4448,0,1,0,0
939_0_4174,1,1,0,0
8_0_8875,1,1,0,0
278_0_7591,0,0,0,0
133,1,1,0,1
752_0_4171,1,1,0,0
295_0_277,0,0,0,0
499_0_507,1,1,0,0
1092_0_8008,1,1,1,0
899,0,1,0,0
1161_0_5020,1,1,0,0
384_0_9774,0,0,0,0
384_0_6453,0,0,0,0
1128,1,1,0,0
790_0_4129,0,1,0,1
671_0_8549,0,1,0,0
817_0_4229,1,0,0,0
336_0_5330,1,1,1,1
494,0,1,0,1
198_0_213,1,1,0,0
546_0_3819,0,0,0,0
427_0_9050,0,0,0,0
865_0_8253,1,1,0,0
95_0_4237,0,1,1,1
480,0,0,0,0
1114,0,0,0,0
934_0_326,0,0,0,0
1110_0_3035,0,0,0,0
1111_0_6243,0,0,0,0
319,0,0,0,1
586_0_6422,1,1,0,0
491_0_9535,0,1,0,0
815_0_6266,0,0,0,0
443,1,1,0,0
799_0_548,1,0,0,0
915_0_9224,1,1,0,0
1164_0_4703,0,1,0,0
426_0_6906,0,1,0,0
333,0,0,0,0
327,0,0,0,0
335_0_4208,1,1,0,0
479_0_2494,0,1,0,0
959_0_5395,1,1,0,0
496_0_2175,1,1,0,0
1128_0_9584,1,1,0,0
45_0_9786,0,0,0,0
433_0_5257,0,1,0,0
469,0,0,0,0
480_0_3030,0,0,0,0
543_0_269,0,1,0,0
934_0_9055,0,0,0,0
496,1,1,0,0
468_0_4742,0,0,0,0
769_0_1931,0,1,0,0
594_0_6606,1,1,0,0
1109_0_1432,0,0,0,0
134_0_2342,1,1,0,0
1067_0_6731,1,1,0,0
893_0_1579,1,0,0,0
1148_0_1025,1,0,0,0
657,1,1,0,0
742_0_9997,1,0,0,0
544_0_9950,0,1,0,0
470_0_7633,1,0,0,0
125,1,1,0,0
960_0_9367,1,1,0,0
814_0_3238,1,0,0,0
923_0_6958,0,1,0,0
759_0_8796,0,0,0,0
573_0_4535,0,1,0,0
989_0_878,0,1,0,0
628_0_5570,1,1,0,0
228_0_524,0,0,0,0
680,1,0,0,0
415_0_9876,1,1,0,1
136_0_6595,1,1,0,1
916_0_6127,1,1,0,0
333_0_7497,0,0,0,0
436_0_9497,1,1,0,0
851_0_4539,0,1,0,0
1141_0_8916,1,1,0,0
753_0_1265,1,1,0,0
832_0_4347,1,1,0,0
723,0,1,0,0
737,1,0,0,1
742_0_2752,1,0,0,0
664_0_7571,1,1,0,0
355_0_7788,1,1,0,0
43_0_9202,1,1,0,0
906_0_6411,1,0,0,0
311_0_6655,1,1,0,1
122_0_1014,0,0,0,0
37_0_5313,1,0,0,0
236_0_1147,0,0,0,0
880_0_1900,1,1,0,0
521,0,1,0,1
936_0_81,1,1,0,0
823_0_6744,0,1,0,0
351_0_8175,0,1,0,0
879_0_6282,1,1,0,0
1089,1,0,1,0
121_0_1032,1,1,0,0
933_0_6922,0,0,0,0
895_0_9674,0,1,0,0
290,0,1,0,0
1062,1,1,0,0
554_0_5137,1,0,0,0
464_0_4467,1,1,0,0
411_0_5360,0,1,0,0
495_0_2224,1,1,1,1
159_0_208,1,1,0,1
592_0_2442,1,1,0,0
378_0_7218,0,1,0,1
884_0_4347,1,1,0,0
787_0_5573,1,1,0,0
214_0_5834,1,1,0,1
1161_0_738,1,1,0,0
285,0,1,0,0
841_0_5066,1,1,0,0
61_0_2881,1,0,0,0
673_0_9144,1,0,0,0
314_0_1704,0,1,0,0
409_0_3630,0,0,0,0
520,1,1,0,1
313_0_9101,0,1,0,1
521_0_4802,0,1,0,1
104_0_8999,0,1,0,1
279_0_392,1,0,0,0
454_0_7134,0,0,0,0
605_0_9547,1,1,0,0
6_0_5807,0,0,0,0
411_0_3506,0,1,0,0
791_0_9304,1,1,0,0
54_0_8706,0,1,0,0
867_0_4811,0,0,0,0
425_0_9582,0,0,0,0
898_0_1148,1,1,0,0
828_0_6598,1,1,0,0
973_0_738,1,1,0,0
1141_0_6047,1,1,0,0
500_0_4654,1,1,0,0
531_0_2366,1,1,0,0
939,1,1,0,0
90_0_5113,0,1,0,0
1003_0_8919,1,1,0,0
1001_0_9244,0,1,0,0
736,1,0,0,0
868_0_8086,1,1,0,0
405_0_6727,0,1,0,0
1166_0_5865,0,1,0,0
679_0_7051,0,1,0,0
722,0,1,0,0
1089_0_9788,1,0,1,0
865,1,1,0,0
768_0_6809,1,1,0,1
513_0_9489,0,1,0,0
31,1,1,0,0
871,1,1,0,0
681,1,0,0,0
859,1,0,0,0
494_0_2506,0,1,0,1
216_0_252,0,1,0,0
1160_0_7076,1,1,0,0
1166_0_6217,0,1,0,0
606_0_4496,1,1,0,0
906_0_5079,1,0,0,0
133_0_2495,1,1,0,1
399_0_6398,0,1,0,0
731_0_1648,1,1,0,0
405_0_8124,0,1,0,0
791_0_1189,1,1,0,0
114_0_7193,0,0,0,0
787_0_8490,1,1,0,0
412_0_1727,0,1,0,0
77_0_5580,0,1,0,0
537_0_6309,0,1,0,0
623_0_9627,0,0,0,0
319_0_1061,0,0,0,1
217_0_3873,0,0,1,0
1093_0_3708,1,1,1,0
236_0_7682,0,0,0,0
468,0,0,0,0
664_0_3312,1,1,0,0
1164_0_5378,0,1,0,0
100_0_5152,0,1,0,1
454,0,0,0,0
835_0_2624,0,0,0,0
332,0,1,0,0
201_0_375,1,0,0,1
871_0_6143,1,1,0,0
334_0_3155,0,1,0,0
238_0_1892,0,0,0,0
995_0_392,1,1,0,0
1114_0_8838,0,0,0,0
433,0,1,0,0
662_0_296,1,0,0,1
202_0_4889,1,1,0,1
355,1,1,0,0
948_0_543,1,1,0,0
427,0,0,0,0
311_0_2938,1,1,0,1
1158,1,1,0,0
740_0_4643,0,1,0,0
422_0_8918,0,1,0,0
1164,0,1,0,0
946_0_7689,1,1,0,0
396,1,1,0,1
416_0_2744,1,1,0,1
433_0_8926,0,1,0,0
95,0,1,1,1
61_0_7342,1,0,0,0
769_0_954,0,1,0,0
914_0_7361,1,1,0,0
469_0_1793,0,0,0,0
431_0_721,0,1,0,0
390_0_9893,1,1,0,0
143,1,1,1,0
37_0_1932,1,0,0,0
4,1,0,0,0
868_0_4022,1,1,0,0
35_0_431,1,1,0,0
427_0_7233,0,0,0,0
802_0_6196,1,0,0,0
802,1,0,0,0
926_0_6318,1,1,0,0
740_0_6242,0,1,0,0
194,1,1,0,0
378_0_8560,0,1,0,1
857_0_4597,0,1,0,0
180,1,1,1,0
886_0_5464,0,0,0,0
745,0,0,0,0
790_0_7915,0,1,0,1
989,0,1,0,0
773_0_7914,0,0,0,0
865_0_14,1,1,0,0
879_0_5538,1,1,0,0
1071_0_1897,1,1,1,0
279_0_7764,1,0,0,0
122_0_634,0,0,0,0
786,1,1,0,0
45_0_708,0,0,0,0
320_0_1779,0,1,0,1
939_0_2603,1,1,0,0
547,0,1,0,0
126_0_4413,1,0,0,0
432_0_5705,0,1,0,1
395_0_7893,1,1,0,0
43_0_3211,1,1,0,0
66_0_6832,1,1,0,0
584,1,1,0,0
879_0_1574,1,1,0,0
530_0_1062,1,1,0,0
834_0_890,1,0,0,1
814_0_8096,1,0,0,0
360_0_6096,1,1,0,0
1004,1,0,0,0
670_0_9312,0,0,0,1
1005,0,0,0,0
594_0_6715,1,1,0,0
31_0_8511,1,1,0,0
511_0_6225,0,1,0,0
770_0_2136,0,1,0,0
122_0_1503,0,0,0,0
2_0_6656,0,0,0,0
301_0_1047,0,0,0,0
278_0_8214,0,0,0,0
1181_0_8156,1,1,0,0
37_0_8320,1,0,0,0
1110_0_1082,0,0,0,0
888_0_2501,0,0,0,0
770_0_7066,0,1,0,0
500_0_125,1,1,0,0
1115_0_4538,0,0,0,0
915_0_7495,1,1,0,0
743_0_5195,1,1,0,0
743_0_2611,1,1,0,0
844_0_2385,0,1,0,0
546,0,0,0,0
198_0_6570,1,1,0,0
446_0_8245,0,1,0,0
621_0_4307,1,1,0,0
220,0,1,0,1
387_0_92,0,1,0,0
996_0_4262,1,1,0,0
360_0_5561,1,1,0,0
774_0_4260,0,0,0,0
787,1,1,0,0
417_0_9654,0,0,0,0
306_0_1785,1,1,0,0
77_0_2100,0,1,0,0
744,0,0,0,0
920_0_7971,0,0,0,0
239_0_6969,0,0,0,0
156_0_1610,1,1,1,1
295_0_1200,0,0,0,0
1147_0_7452,1,1,0,0
725_0_6218,0,1,0,0
470_0_2923,1,0,0,0
1133_0_4658,1,1,0,0
1156_0_5535,1,1,0,0
43,1,1,0,0
5,0,0,0,0
712_0_103,0,0,0,0
817,1,0,0,0
889_0_2586,0,0,0,0
491_0_2161,0,1,0,0
156,1,1,1,1
429_0_3313,0,1,0,0
493_0_263,1,1,0,0
67_0_4047,1,0,0,0
832_0_3513,1,1,0,0
80,0,0,0,0
845_0_8834,1,0,0,0
285_0_6688,0,1,0,0
404_0_682,0,1,0,0
383,0,0,0,0
286_0_8697,0,1,0,0
390_0_4805,1,1,0,0
143_0_7975,1,1,1,0
841_0_5821,1,1,0,0
1159,1,1,0,0
680_0_6040,1,0,0,0
1131_0_2129,1,1,0,0
426,0,1,0,0
41_0_7982,0,1,0,0
1163_0_2172,1,1,0,0
432,0,1,0,1
354,1,0,0,0
623_0_1584,0,0,0,0
757_0_1848,0,1,0,1
1121_0_119,1,1,0,0
547_0_3225,0,1,0,0
418,1,1,0,0
857_0_3006,0,1,0,0
426_0_3199,0,1,0,0
424,1,1,0,1
356,1,1,0,0
413_0_2420,0,0,0,0
828_0_8857,1,1,0,0
518_0_7806,1,1,1,1
45_0_6349,0,0,0,0
395,1,1,0,0
1167,1,1,0,0
887_0_4517,1,0,0,0
1109_0_6853,0,0,0,0
451_0_8716,0,0,0,0
96,0,0,0,0
1141_0_2480,1,1,0,0
626,0,0,0,0
804_0_8992,1,0,0,1
494_0_3873,0,1,0,1
1133_0_9430,1,1,0,0
35_0_426,1,1,0,0
41,0,1,0,0
815,0,0,0,0
674_0_956,1,0,0,0
8_0_7506,1,1,0,0
7,1,1,0,0
67_0_4904,1,0,0,0
416_0_2223,1,1,0,1
888_0_7731,0,0,0,0
1152_0_4683,1,0,0,0
520_0_2274,1,1,0,1
1133_0_5544,1,1,0,0
1096_0_7453,0,1,0,0
621_0_7340,1,1,0,0
101_0_3259,1,1,0,0
752,1,1,0,0
950_0_4251,0,0,0,0
844_0_3264,0,1,0,0
1096_0_4006,0,1,0,0
93_0_6666,0,0,0,0
410_0_9355,0,1,0,0
965_0_9139,0,1,0,0
1140_0_3241,1,1,0,1
791,1,1,0,0
421_0_3061,0,0,0,0
790_0_1368,0,1,0,1
785,0,0,0,0
920_0_3254,0,0,0,0
447_0_597,0,0,0,0
1008_0_94,0,0,0,0
141_0_967,0,0,0,0
514_0_9515,0,1,0,0
834_0_8665,1,0,0,1
308_0_6620,1,1,0,0
663_0_1658,0,1,0,0
236,0,0,0,0
867_0_1266,0,0,0,0
222,0,1,0,0
544,0,1,0,0
918_0_1191,1,1,0,0
319_0_9288,0,0,0,1
294_0_1246,0,0,0,0
7_0_9199,1,1,0,0
44_0_5374,1,0,0,0
222_0_136,0,1,0,0
713_0_6504,0,0,0,0
895_0_5017,0,1,0,0
657_0_8464,1,1,0,0
592_0_1885,1,1,0,0
894_0_9523,0,0,0,0
355_0_3010,1,1,0,0
1007,0,0,0,0
444_0_9729,0,0,0,0
1180_0_901,1,1,0,0
586,1,1,0,0
890_0_4084,1,0,0,0
592,1,1,0,0
1006,0,0,0,0
327_0_6073,0,0,0,0
734_0_7265,1,0,0,0
1128_0_6002,1,1,0,0
780_0_9161,1,1,0,0
866_0_3795,1,1,0,0
492_0_9171,0,0,0,0
680_0_4734,1,0,0,0
293_0_1977,0,0,0,0
250_0_3007,0,1,0,0
551,1,0,0,0
387_0_3621,0,1,0,0
784,0,0,0,0
757_0_2775,0,1,0,1
999_0_7523,1,0,0,0
141_0_9252,0,0,0,0
734_0_7701,1,0,0,0
67_0_6900,1,0,0,0
948,1,1,0,0
722_0_8133,0,1,0,0
790,0,1,0,1
80_0_9497,0,0,0,0
960,1,1,0,0
898_0_4069,1,1,0,0
592_0_4532,1,1,0,0
282_0_3353,0,1,0,0
747,0,0,0,0
136_0_1467,1,1,0,1
753,1,1,0,0
448_0_9960,1,1,0,1
771_0_5971,1,1,0,0
470_0_6401,1,0,0,0
524_0_4725,1,1,0,1
289_0_382,0,0,0,0
1067_0_244,1,1,0,0
1067_0_2719,1,1,0,0
828,1,1,0,0
761_0_1748,0,0,0,0
1142_0_2855,1,1,0,0
744_0_102,0,0,0,0
882_0_5235,1,1,0,0
885_0_7135,0,0,0,0
54,0,1,0,0
814,1,0,0,0
1138_0_4109,1,1,0,1
6,0,0,0,0
520_0_3625,1,1,0,1
40,0,1,0,0
648_0_5199,1,1,0,0
315_0_1043,0,1,0,1
466_0_5555,1,1,0,0
155,1,1,1,1
141,0,0,0,0
1150_0_8810,1,1,0,0
1166_0_9828,0,1,0,0
627,0,0,0,0
433_0_3440,0,1,0,0
731_0_2456,1,1,0,0
893_0_3861,1,0,0,0
105_0_817,0,1,1,0
627_0_3138,0,0,0,0
301_0_8114,0,0,0,0
1156_0_8210,1,1,0,0
1166,0,1,0,0
728_0_8625,0,0,0,0
1148_0_7183,1,0,0,0
735_0_2629,1,1,0,0
1002_0_3892,1,1,0,0
1134_0_4172,1,1,0,0
357,0,1,0,0
431,0,1,0,0
425,0,0,0,0
1136_0_6897,1,1,0,0
543_0_2806,0,1,0,0
476_0_5467,1,0,0,0
194_0_3048,1,1,0,0
33_0_6561,1,1,0,0
419,1,1,0,0
159_0_4246,1,1,0,1
1059_0_9236,1,1,0,0
89_0_6286,0,0,0,0
421,0,0,0,0
290_0_3561,0,1,0,0
1132_0_6839,1,1,0,0
929_0_4030,1,1,0,1
354_0_7960,1,0,0,0
353,1,0,0,0
680_0_4877,1,0,0,0
742_0_2336,1,0,0,0
1133_0_9192,1,1,0,0
608_0_5874,1,1,0,0
409,0,0,0,0
1138_0_2965,1,1,0,1
768_0_6465,1,1,0,1
1001_0_2990,0,1,0,0
384,0,0,0,0
1176,0,0,0,0
1162,1,1,0,0
336_0_6673,1,1,1,1
1135_0_6447,1,1,0,0
390,1,1,0,0
554_0_5989,1,0,0,0
759_0_6283,0,0,0,0
983_0_8540,1,1,0,0
972_0_1757,1,0,0,0
623,0,0,0,0
145,1,1,1,1
360_0_6443,1,1,0,0
200_0_502,1,1,0,1
967_0_771,1,0,0,0
828_0_7988,1,1,0,0
320_0_4798,0,1,0,1
93,0,0,0,0
785_0_2960,0,0,0,0
831_0_2348,1,1,0,0
95_0_6126,0,1,1,1
763_0_3930,0,1,0,0
383_0_3260,0,0,0,0
747_0_1766,0,0,0,0
772_0_1843,0,1,0,1
201_0_8711,1,0,0,1
804,1,0,0,1
681_0_5456,1,0,0,0
44,1,0,0,0
844_0_7173,0,1,0,0
332_0_2681,0,1,0,0
1160_0_4522,1,1,0,0
2,0,0,0,0
266_0_8853,1,1,0,0
810,0,0,0,0
50,1,0,0,0
307_0_7176,0,1,0,0
757,0,1,0,1
1138_0_1698,1,1,0,1
743,1,1,0,0
718_0_1931,1,0,0,0
214_0_4008,1,1,0,1
586_0_2550,1,1,0,0
809_0_6991,1,1,0,0
551_0_5973,1,0,0,0
626_0_9680,0,0,0,0
780,1,1,0,0
981_0_4873,0,1,0,0
327_0_3457,0,0,0,0
1001_0_714,0,1,0,0
1062_0_6783,1,1,0,0
997_0_2917,0,0,0,0
298_0_9102,1,0,0,0
1_0_9008,0,1,0,0
914_0_454,1,1,0,0
918_0_5331,1,1,0,0
314_0_5517,0,1,0,0
605_0_214,1,1,0,0
1006_0_1636,0,0,0,0
21_0_4020,1,0,0,0
888_0_7442,0,0,0,0
499_0_4465,1,1,0,0
1002,1,1,0,0
125_0_3176,1,1,0,0
859_0_2884,1,0,0,0
495_0_5502,1,1,1,1
737_0_1385,1,0,0,1
1089_0_694,1,0,1,0
901_0_1344,1,1,0,0
560_0_8859,0,0,0,0
1135_0_8279,1,1,0,0
307_0_2345,0,1,0,0
584_0_7715,1,1,0,0
528_0_4968,1,1,0,0
466_0_5197,1,1,0,0
999_0_7724,1,0,0,0
44_0_2345,1,0,0,0
1003,1,1,0,0
307_0_4720,0,1,0,0
913_0_6625,1,1,0,0
616_0_8249,0,0,0,0
408_0_1361,0,0,0,0
932_0_154,1,1,0,0
606_0_8151,1,1,0,0
226,0,0,0,0
413_0_9377,0,0,0,0
334_0_6604,0,1,0,0
145_0_7763,1,1,1,1
554,1,0,0,0
965,0,1,0,0
317_0_6777,1,1,0,1
817_0_3121,1,0,0,0
971,0,0,0,0
327_0_6248,0,0,0,0
930_0_7474,1,0,0,1
845_0_9443,1,0,0,0
959,1,1,0,0
989_0_9613,0,1,0,0
756_0_3774,0,0,0,0
813_0_2524,0,0,0,0
41_0_3670,0,1,0,0
391_0_1056,1,1,0,0
742,1,0,0,0
756,0,0,0,0
950_0_2630,0,0,0,0
96_0_9178,0,0,0,0
735_0_856,1,1,0,0
116_0_876,0,1,0,0
188_0_9818,0,1,0,0
32_0_2801,1,1,0,0
105_0_6204,0,1,1,0
305_0_8385,1,1,0,0
45,0,0,0,0
854_0_2306,1,1,0,0
871_0_7931,1,1,0,0
84_0_4726,1,1,0,0
959_0_8363,1,1,0,0
839,0,0,0,0
187,0,1,0,0
466_0_3848,1,1,0,0
399_0_2834,0,1,0,0
1092_0_5201,1,1,1,0
1157_0_590,1,1,0,1
971_0_8768,0,0,0,0
758_0_3553,1,1,0,1
420_0_7938,1,1,0,0
239_0_6748,0,0,0,0
178,1,1,1,0
615_0_2193,0,1,0,0
378_0_248,0,1,0,1
748_0_211,1,1,0,0
823_0_653,0,1,0,0
387_0_6370,0,1,0,0
835_0_6152,0,0,0,0
90_0_5985,0,1,0,0
132_0_677,1,1,0,0
322_0_1293,0,1,0,0
301_0_6114,0,0,0,0
443_0_8722,1,1,0,0
1163,1,1,0,0
391,1,1,0,0
1177,0,1,0,0
408,0,0,0,0
356_0_7122,1,1,0,0
429_0_4136,0,1,0,0
560_0_6733,0,0,0,0
415_0_3889,1,1,0,1
352,0,0,0,0
429_0_5572,0,1,0,0
890_0_6053,1,0,0,0
744_0_2260,0,0,0,0
436_0_583,1,1,0,0
420,1,1,0,0
436,1,1,0,0
422,0,1,0,0
1_0_916,0,1,0,0
763_0_1329,0,1,0,0
887_0_2376,1,0,0,0
942_0_9838,1,1,0,0
121_0_1657,1,1,0,0
934_0_2163,0,0,0,0
294_0_9973,0,0,0,0
293_0_7285,0,0,0,0
378,0,1,0,1
865_0_7840,1,1,0,0
244_0_6369,0,1,0,1
1161,1,1,0,0
283_0_8537,0,1,0,0
999_0_7134,1,0,0,0
926_0_9576,1,1,0,0
409_0_1694,0,0,0,0
387,0,1,0,0
1140_0_3119,1,1,0,1
717_0_2862,1,1,0,0
889_0_7613,0,0,0,0
812_0_5594,0,1,0,0
732_0_8166,1,1,0,0
407_0_3313,0,0,0,0
573_0_3761,0,1,0,0
1111_0_5930,0,0,0,0
1149,1,1,0,0
712_0_4609,0,0,0,0
1093_0_1800,1,1,1,0
517_0_3408,0,0,0,1
1007_0_6491,0,0,0,0
992_0_5071,0,1,0,0
906_0_530,1,0,0,0
215_0_7022,0,1,0,1
608,1,1,0,0
826_0_4860,1,1,0,0
90,0,1,0,0
84,1,1,0,0
615_0_4245,0,1,0,0
471_0_2397,1,0,0,0
191,0,1,0,0
808_0_347,0,0,0,0
628_0_6768,1,1,0,0
813,0,0,0,0
899_0_2665,0,1,0,0
615_0_5167,0,1,0,0
972_0_1230,1,0,0,0
1,0,1,0,0
95_0_726,0,1,1,1
537_0_2333,0,1,0,0
998,0,0,0,0
1095_0_2641,1,1,1,0
740,0,1,0,0
317_0_4823,1,1,0,1
785_0_7006,0,0,0,0
942_0_8878,1,1,0,0
594_0_912,1,1,0,0
768,1,1,0,1
352_0_1114,0,0,0,0
425_0_3973,0,0,0,0
926_0_2027,1,1,0,0
767_0_1744,1,1,0,0
498_0_3563,1,1,0,0
1131_0_4831,1,1,0,0
9_0_9019,1,1,0,0
967,1,0,0,0
228_0_6833,0,0,0,0
907_0_4143,1,1,0,0
293_0_8203,0,0,0,0
973,1,1,0,0
842_0_6098,1,1,0,0
745_0_3474,0,0,0,0
696_0_8391,0,0,0,0
888_0_8969,0,0,0,0
136_0_3075,1,1,0,1
785_0_7210,0,0,0,0
353_0_7469,1,0,0,0
468_0_1739,0,0,0,0
1001,0,1,0,0
789_0_2688,1,1,0,1
527_0_6891,1,1,0,0
43_0_1417,1,1,0,0
992_0_286,0,1,0,0
493_0_4991,1,1,0,0
886_0_74,0,0,0,0
95_0_323,0,1,1,1
680_0_9564,1,0,0,0
594,1,1,0,0
1000,1,1,0,0
471_0_5943,1,0,0,0
738_0_5619,0,1,0,1
320_0_5719,0,1,0,1
399_0_8739,0,1,0,0
648_0_9389,1,1,0,0
1114_0_7460,0,0,0,0
156_0_1211,1,1,1,1
528_0_7523,1,1,0,0
1115_0_988,0,0,0,0
222_0_4890,0,1,0,0
288_0_5185,1,1,0,0
981_0_7607,0,1,0,0
674_0_1078,1,0,0,0
627_0_1463,0,0,0,0
391_0_6262,1,1,0,0
543,0,1,0,0
546_0_5367,0,0,0,0
423_0_4186,1,1,0,0
1106_0_7493,0,1,0,0
410_0_4110,0,1,0,0
972,1,0,0,0
412_0_8199,0,1,0,0
281_0_6948,0,0,0,1
498_0_2640,1,1,0,0
883_0_7676,1,1,0,1
718_0_7365,1,0,0,0
727_0_1289,1,0,0,0
1109_0_1726,0,0,0,0
54_0_7318,0,1,0,0
446_0_4863,0,1,0,0
983_0_9516,1,1,0,0
378_0_5861,0,1,0,1
769,0,1,0,0
1095_0_3576,1,1,1,0
857_0_1206,0,1,0,0
755_0_1350,1,1,0,0
537_0_1798,0,1,0,0
736_0_5990,1,0,0,0
213_0_8441,0,0,0,0
996_0_2428,1,1,0,0
788_0_8525,1,1,0,0
755,1,1,0,0
517_0_4951,0,0,0,1
999,1,0,0,0
400_0_1210,0,0,0,0
359_0_8703,1,1,0,0
383_0_2140,0,0,0,0
1152_0_4874,1,0,0,0
812,0,1,0,0
1111_0_6784,0,0,0,0
757_0_4276,0,1,0,1
756_0_3617,0,0,0,0
190,0,1,0,0
826_0_6904,1,1,0,0
337_0_3836,0,1,0,0
351_0_1523,0,1,0,0
117_0_7465,0,1,0,0
294_0_4926,0,0,0,0
1148_0_4103,1,0,0,0
611_0_9709,1,1,0,0
415_0_8511,1,1,0,1
621,1,1,0,0
889_0_3689,0,0,0,0
1148,1,0,0,0
671_0_341,0,1,0,0
859_0_9657,1,0,0,0
1158_0_1808,1,1,0,0
40_0_1975,0,1,0,0
386,0,1,0,0
41_0_4281,0,1,0,0
50_0_6494,1,0,0,0
1160,1,1,0,0
788_0_1893,1,1,0,0
761_0_2092,0,0,0,0
713_0_2188,0,0,0,0
423,1,1,0,0
763_0_4536,0,1,0,0
351,0,1,0,0
437,1,1,0,0
